{"cameraMode":{"drawMode":0,"name":"Shaded","section":"Shading Mode"},"sceneLighting":true,"audioPlay":false,"sceneViewState":{"m_AlwaysRefresh":false,"showFog":true,"showSkybox":true,"showFlares":true,"showImageEffects":true,"showParticleSystems":true,"showVisualEffectGraphs":true,"m_FxEnabled":true},"in2DMode":false,"pivot":{"x":-2.8897507190704347,"y":-0.5051676034927368,"z":-7.530311584472656},"rotation":{"x":0.202494814991951,"y":-0.03169843181967735,"z":0.006533465813845396,"w":0.9788069128990173},"size":0.9711347818374634,"orthographic":false}